{"cameraMode":{"drawMode":0,"name":"Shaded","section":"Shading Mode"},"sceneLighting":false,"audioPlay":false,"sceneViewState":{"showFog":true,"showMaterialUpdate":false,"showSkybox":false,"showFlares":true,"showImageEffects":true,"showParticleSystems":true},"in2DMode":false,"pivot":{"x":-2.293811559677124,"y":0.3759138584136963,"z":-0.3186860680580139},"rotation":{"x":0.22036795318126679,"y":-0.7396844029426575,"z":0.287330687046051,"w":0.5673490762710571},"size":0.34641018509864809,"orthographic":false}