{"cameraMode":{"drawMode":0,"name":"Shaded","section":"Shading Mode"},"sceneLighting":false,"audioPlay":false,"sceneViewState":{"showFog":true,"showMaterialUpdate":false,"showSkybox":false,"showFlares":true,"showImageEffects":true,"showParticleSystems":true},"in2DMode":false,"pivot":{"x":2.7296557426452638,"y":4.380588531494141,"z":-1.7443333864212037},"rotation":{"x":0.25545674562454226,"y":-0.2638368308544159,"z":0.07268055528402329,"w":0.9273254871368408},"size":0.2926049828529358,"orthographic":false}