{"cameraMode":{"drawMode":0,"name":"Shaded","section":"Shading Mode"},"sceneLighting":false,"audioPlay":false,"sceneViewState":{"showFog":true,"showMaterialUpdate":false,"showSkybox":false,"showFlares":true,"showImageEffects":true,"showParticleSystems":true},"in2DMode":false,"pivot":{"x":-5.413046360015869,"y":4.670289039611816,"z":-9.747420310974121},"rotation":{"x":0.5726074576377869,"y":0.04139246046543121,"z":-0.02889828011393547,"w":0.8184021711349487},"size":4.179474353790283,"orthographic":false}