{"cameraMode":{"drawMode":0,"name":"Shaded","section":"Shading Mode"},"sceneLighting":true,"audioPlay":false,"sceneViewState":{"showFog":true,"showMaterialUpdate":false,"showSkybox":false,"showFlares":true,"showImageEffects":true,"showParticleSystems":true},"in2DMode":false,"pivot":{"x":2.4987246990203859,"y":-64.19717407226563,"z":20.79108428955078},"rotation":{"x":-0.6129956841468811,"y":0.007795118726789951,"z":-0.007251964882016182,"w":-0.790664553642273},"size":71.07337951660156,"orthographic":false}